subject,segment_index,label_id,label_name,window_start_sample,window_end_sample,window_start_seconds,window_end_seconds,mean,std,min,max,median,range,energy,rms,skewness,kurtosis
S2,1,1,baseline,19620,20899,306.562,326.562,1.5733125962550822,68.82909748349482,-261.57797884235845,340.14819625192536,1.675248315516432,601.7261750942838,6067097.565334998,68.84707672020626,0.0432196102864487,3.1703586105291635
S2,1,1,baseline,20260,21539,316.562,336.562,-1.1786396126258432,123.2607572874905,-341.9833810340576,429.94571913840133,-2.26583597387338,771.9291001724589,19449092.452380285,123.2663923314952,0.569828820238418,1.791372798338501
S2,1,1,baseline,20900,22179,326.562,346.562,0.042161070113739464,135.51056108394783,-399.37487881970657,429.94571913840133,2.4905308413256364,829.3205979581079,23504785.846838,135.5105676426831,0.2811123154428897,0.8845700130668788
S2,1,1,baseline,21540,22819,336.562,356.562,0.601332897604664,100.55128483730739,-399.37487881970657,327.64883543115667,7.084026124055146,727.0237142508632,12941980.779119443,100.55308291488166,-0.27946085535819026,1.9644709127906683
S2,1,1,baseline,22180,23459,346.562,366.562,-0.6938920386415186,95.47654263161539,-313.5057389549676,332.22701995787196,6.432103025773567,645.7327589128396,11668802.149181392,95.4790640876206,-0.18158312575626917,2.3501093284136143
S2,1,1,baseline,22820,24099,356.562,376.562,0.2586214583495491,72.02886498553836,-313.5057389549676,332.22701995787196,5.184571256798115,645.7327589128396,6640927.07348945,72.02932927747996,-0.34608666384555775,6.272574606202419
S2,1,1,baseline,23460,24739,366.562,386.562,0.09590423823098089,29.55367042665067,-77.64059826704998,198.2538626188673,2.695743972291102,275.8944608859173,1117988.6506367964,29.553826035049966,1.8661761361151072,10.886643931368946
S2,1,1,baseline,24100,25379,376.562,396.562,-0.2813017595844141,51.28620678768828,-265.58032035485337,198.2538626188673,1.8014176437493998,463.83418297372066,3366853.295807321,51.28697824350221,-0.26447857314536566,6.06595663730592
S2,1,1,baseline,24740,26019,386.562,406.562,-0.17398004702750725,53.2404382831281,-265.58032035485337,173.03113407910092,2.796201512141404,438.6114544339543,3628255.408174511,53.24072254990851,-0.6627835635044488,4.8288280791976685
S2,1,1,baseline,25380,26659,396.562,416.562,0.053877911098260525,33.273272296085416,-177.10564314336412,137.37181631323367,2.8433850241405043,314.4774594565978,1417105.3467119995,33.27331591709413,-0.41117423299673267,5.85792200509702
S2,1,1,baseline,26020,27299,406.562,426.562,-0.6148287697331523,46.217066007976456,-154.9915690298704,191.0643886985829,2.2339264239940446,346.0559577284533,2734585.8621462327,46.22115538151058,0.4748806658185861,4.122781646171364
S2,1,1,baseline,26660,27939,416.562,436.562,0.006436510355917235,47.2257999944264,-154.9915690298704,191.0643886985829,2.275461329031078,346.0559577284533,2854753.5699740555,47.22580043304963,0.4853726843093746,3.695523875934126
S2,1,1,baseline,27300,28579,426.562,446.562,0.8900898883736467,19.850440544173683,-56.1142454204918,104.33253458796952,3.8941013638449378,160.4467800084613,505385.2797531641,19.87038625208779,0.7857980509974102,3.9207551000072085
S2,1,1,baseline,27940,29219,436.562,456.562,0.17308445760752922,16.88741627791851,-35.72231502383657,30.44060999927213,4.0797037762797626,66.1629250231087,365074.92706966057,16.888303253233353,-0.30002346320414736,-1.0651631963588657
S2,1,1,baseline,28580,29859,446.562,466.562,0.27948092762305576,62.82283283816195,-361.0066037763161,224.8479006448694,4.676630604000949,585.8545044211855,5051886.637312698,62.82345450069222,-1.9256214533912428,12.587644884033981
S2,1,1,baseline,29220,30499,456.562,476.562,0.24121554968753794,80.94930112434702,-361.0066037763161,309.6306140707329,2.6161715507518615,670.637217847049,8387644.847950874,80.94966051480154,-0.9817149760233091,5.886295269960497
S2,1,1,baseline,29860,31139,466.562,486.562,-0.6252498813083687,122.05411312639303,-618.4916489301164,340.9579357808605,1.0297912786794141,959.449584710977,19068924.759660065,122.05571460806097,-0.9066850853157759,3.778932780127029
S2,1,1,baseline,30500,31779,476.562,496.562,-0.35660049892256623,120.3585804170884,-618.4916489301164,340.9579357808605,5.268049530113949,959.449584710977,18542483.25623369,120.3591086870145,-0.8798885323799294,3.8529013327025172
S2,1,1,baseline,31140,32419,486.562,506.562,0.20096423565169955,63.89656746051076,-217.93831725878897,263.16986912571616,4.849612864894959,481.10818638450513,5225999.001420305,63.89688349097797,0.1182885743631719,2.9355203423015244
S2,1,1,baseline,31780,33059,496.562,516.562,0.4023750018701803,45.67549899857045,-217.93831725878897,166.1941490345766,4.335091978223172,384.1324662933656,2670608.786445491,45.67727131091064,-0.49356175277623915,3.8815619331272417
S2,1,1,baseline,32420,33699,506.562,526.562,0.10265588517702273,29.425954498729777,-147.5159996710907,124.53412144982003,3.16080401987054,272.0501211209107,1108348.5905818583,29.426133561718174,-0.14424424099400976,5.529506351683626
S2,1,1,baseline,33060,34339,516.562,536.562,-0.003007979890662771,30.10552988487979,-147.5159996710907,124.53412144982003,3.4076382774194833,272.0501211209107,1160118.9615325865,30.10553003515024,-0.23204244730978602,4.80268600673587
S2,1,1,baseline,33700,34979,526.562,546.562,-0.1490174299847041,23.102934352414632,-90.00837711656072,96.52061744623452,4.474995023428868,186.52899456279525,683222.7608146167,23.103414939926505,0.15454675086962558,2.6735595502174547
S2,1,1,baseline,34340,35619,536.562,556.562,-0.43748745898414876,16.144493489074517,-50.32142848385687,28.879941994902808,5.162546308463609,79.20137047875969,333870.1635782885,16.150419972729438,-0.5428226767081634,-0.7956127945677216
S2,1,1,baseline,34980,36259,546.562,566.562,0.1320609583767057,14.875049131331359,-29.962363973870325,24.661946322080293,4.88174695065096,54.62431029595062,283244.19424799894,14.875635339582951,-0.4183599309537212,-1.0766588656951952
S2,1,1,baseline,35620,36899,556.562,576.562,0.12037246853493833,16.6656536014635,-34.64590835440449,66.91845135640455,2.846914795466591,101.56435971080904,355530.87935379794,16.666088308153014,0.05382173499256049,-0.11933548993053922
S2,1,1,baseline,36260,37539,566.562,586.562,-0.15205164785936987,16.67108122210321,-34.64590835440449,66.91845135640455,2.67395666887351,101.56435971080904,355773.52808650123,16.671774615126584,0.08802509068244238,-0.11627909660577007
S2,1,1,baseline,36900,38179,576.562,596.562,0.9277858076935758,19.31839327624317,-62.9552809867517,70.92235242747284,4.263770703677242,133.87763341422453,478798.21475911024,19.340659380707653,0.19505322046221857,1.1486580356414349
S2,1,1,baseline,37540,38819,586.562,606.562,-0.3475920741740923,74.45392608508465,-500.1458927063511,371.2154986447714,0.5194924309812357,871.3613913511225,7095690.150058593,74.4547374566137,-0.07486304917397786,16.280082543018846
S2,1,1,baseline,38180,39459,596.562,616.562,0.8051561515275756,88.24380816620014,-500.1458927063511,371.2154986447714,-1.9650916700518564,871.3613913511225,9968150.983809885,88.24748130174295,-0.07194538810263287,7.430897334824408
S2,1,1,baseline,38820,40099,606.562,626.562,0.255901360772803,74.81654549920155,-255.8199746201127,226.4776858041467,4.488068169429944,482.2976604242594,7164903.636403893,74.81698313845955,-0.20063310482329483,0.9526712476865855
S2,1,1,baseline,39460,40739,616.562,636.562,-1.608005489730261,83.94248057387223,-398.8016936558161,303.92710396676165,5.825707716815636,702.7287976225778,9022624.929983899,83.95788066971392,-0.6801079682438159,3.879778878290667
S2,1,1,baseline,40100,41379,626.562,646.562,1.0022487032961909,65.31515356457514,-398.8016936558161,303.92710396676165,5.7224398431819585,702.7287976225778,5461854.448162934,65.32284277055992,-1.2789290521984125,11.478818086931145
S2,1,1,baseline,40740,42019,636.562,656.562,1.0793931258732763,62.202555650981665,-341.3235544287882,330.100803317137,3.5284746555731044,671.4243577459251,4954013.464363076,62.21192023265038,-0.10928456344551478,11.517781961567636
S2,1,1,baseline,41380,42659,646.562,666.562,-0.7376864319967096,83.97779292776369,-341.3235544287882,355.2433569583497,4.224514076931804,696.5669113871379,9027601.774451595,83.98103289606712,0.01198182071751867,5.832366732064646
S2,1,1,baseline,42020,43299,656.562,676.562,-0.9940521638876497,87.33144069901222,-399.14304543013486,355.2433569583497,4.980192666608962,754.3864023884846,9763543.90306511,87.33709792676659,-0.41496529125591497,5.550141042657241
S2,1,1,baseline,42660,43939,666.562,686.562,0.0153012311672855,78.73035055232698,-399.14304543013486,262.40407464308606,5.300574787242167,661.5471200732209,7934039.46524156,78.7303520392229,-0.7982956318234266,4.999899209268572
S2,1,1,baseline,43300,44579,676.562,696.562,-0.1256370041230579,46.090008444393234,-201.23055164448675,150.4121848202809,4.064893452451235,351.64273646476767,2719109.9687181376,46.09017968137079,-0.8225467238753537,4.09912445496485
S2,1,1,baseline,43940,45219,686.562,706.562,-0.1181863309357,23.425902011590896,-158.86057717115594,133.84621748479614,1.8165515152526157,292.7067946559521,702447.1719238125,23.42620014141172,0.1817382142575039,13.074265798064413
S2,1,1,baseline,44580,45859,696.562,716.562,-0.013985977752976986,92.19272531302371,-659.6806182159312,541.3758966151139,2.8733197778182493,1201.0565148310452,10879358.459200282,92.19272637388603,-0.18268739078256716,23.02301181141497
S2,1,1,baseline,45220,46499,706.562,726.562,0.13753145692176255,111.06637343732018,-659.6806182159312,541.3758966151139,5.620220078203369,1201.0565148310452,15789770.525977481,111.0664585886302,-0.12230430309008104,10.634960588338739
S2,1,1,baseline,45860,47139,716.562,736.562,-0.17863701758518208,66.27860550929906,-296.29123426471256,287.4538588466919,4.199822008337385,583.7450931114045,5622893.388084915,66.27884624404184,-0.05008048254731386,7.345191664519028
S2,1,1,baseline,46500,47779,726.562,746.562,-0.22823098663602376,12.170610187860314,-30.165979934891595,25.376025405895493,3.0531446076306814,55.542005340787085,189665.07741198095,12.172749965727142,-0.421978246077345,-0.9121115685797445
S2,1,1,baseline,47140,48419,736.562,756.562,-0.03486690462680906,13.29208550891163,-36.87407841397727,30.423183291214258,3.7756967113878277,67.29726170519153,226151.3636828887,13.292131239092427,-0.4241812634460166,-0.8200645189921589
S2,1,1,baseline,47780,49059,746.562,766.562,0.009019742309718203,13.895762760656819,-36.87407841397727,30.423183291214258,4.697842149807627,67.29726170519153,247158.14919194646,13.895765688014755,-0.44679684553663934,-0.9461187777651805
S2,1,1,baseline,48420,49699,756.562,776.562,0.04279735405650907,13.239206318481806,-29.06053670488807,20.65634548093805,5.088605449978695,49.71688218582612,224356.3719127588,13.239275492142417,-0.4879360952258411,-1.0680797795426884
S2,1,1,baseline,49060,50339,766.562,786.562,0.12579865419569242,52.240986755740536,-344.2523021216719,294.09166478717333,5.282453115225161,638.3439669088452,3493294.748819015,52.241138219939806,-0.6977234631899031,16.15008564632162
S2,1,1,baseline,49700,50979,776.562,796.562,0.22263159156730356,65.5757591742851,-344.2523021216719,294.09166478717333,3.7688911078377068,638.3439669088452,5504294.087820033,65.57613709352968,-0.6621194225175068,8.061586941317845
S2,1,1,baseline,50340,51619,786.562,806.562,-0.13392000389489817,59.25152640473558,-261.8940858519357,225.5554893767638,2.471993907381567,487.4495752286995,4493774.484298906,59.25167774720409,-0.2321412103397277,4.14091397878493
S2,1,1,baseline,50980,52259,796.562,816.562,-0.03660577062637822,89.07507041997674,-338.2876173082191,366.3767808563241,0.44657940640460914,704.6643981645432,10155992.97319201,89.07507794162326,0.5215275239139912,4.143032611966272
S2,1,1,baseline,51620,52899,806.562,826.562,0.22621248293666607,78.5500152994935,-338.2876173082191,366.3767808563241,2.8392797243988133,704.6643981645432,7897799.776816765,78.55034102814639,0.6739300535623658,8.115067626341267
S2,1,1,baseline,52260,53539,816.562,836.562,-0.15553087931268464,14.747692043204673,-33.509706845585306,22.386060852102865,4.907567578792069,55.89576769768817,278423.8213831964,14.748512143793427,-0.5483997194578267,-1.0222384415610022
S2,1,1,baseline,52900,54179,826.562,846.562,0.06176460286958683,15.643742640698116,-33.509706845585306,24.3514095659707,5.584955415834207,57.86111641155601,313255.0383034421,15.643864569682396,-0.5406104295302142,-1.059814047585786
S2,1,1,baseline,53540,54819,836.562,856.562,-0.03463455254886716,38.158338779915546,-135.40150166365223,343.0640480678524,3.173314462086093,478.46554973150467,1863756.8230336476,38.15835449800001,3.519604383154001,31.703392477296816
S2,1,1,baseline,54180,55459,846.562,866.562,-0.13369890341392368,38.687809379464234,-135.40150166365223,343.0640480678524,3.1484376752423153,478.46554973150467,1915858.521572525,38.68804039982557,3.3875221617756544,29.90029059247548
S2,1,1,baseline,54820,56099,856.562,876.562,0.18509682058334653,18.579177805549225,-38.26016050117096,34.66568458703251,5.098951809113856,72.92584508820346,441881.73921689985,18.580099804984982,-0.27105242778573196,-0.9525733309170321
S2,1,1,baseline,55460,56739,866.562,886.562,0.08177925476929333,18.95554035666016,-38.26016050117096,34.66568458703251,4.831823315840722,72.92584508820346,459928.5735161376,18.955716764593273,-0.2552221426031006,-1.0540990860214652
S2,1,1,baseline,56100,57379,876.562,896.562,-0.027422232519324408,18.904571054418845,-38.74617123689138,42.3814121823839,4.209365987299672,81.12758341927528,457450.9551749213,18.904590943218192,-0.23346227884828158,-1.0313827062057037
S2,1,1,baseline,56740,58019,886.562,906.562,-0.28279385819200853,41.544391978162665,-288.76187954960943,202.15019170743986,2.6246024955314993,490.9120712570493,2209301.090817866,41.545354459932796,-1.0324763185826016,11.349679841621377
S2,1,1,baseline,57380,58659,896.562,916.562,0.07285412626657957,41.25909932489079,-288.76187954960943,202.15019170743986,1.9476826442650292,490.9120712570493,2178967.7885758947,41.25916364669693,-1.0672082260020328,11.780776802291712
S2,1,1,baseline,58020,59299,906.562,926.562,0.11293916595557282,43.06891386503511,-173.19697711615296,191.9841706091054,3.307425890928367,365.18114772525837,2374328.4438643456,43.06906194438207,0.04702612838244606,5.371673476977284
S2,1,1,baseline,58660,59939,916.562,936.562,0.02280940603439898,52.387564752316514,-173.19697711615296,191.9841706091054,2.464284944189472,365.18114772525837,3512905.550012364,52.38756971789357,0.06392343515845315,1.9095325774814755
S2,1,1,baseline,59300,60579,926.562,946.562,-0.054513666184855494,36.12561724108954,-139.23594335372744,148.48507636722852,3.072431481651968,287.72101972095595,1670480.8867705688,36.12565837171009,0.07243400275144589,2.142747068499067
S2,1,1,baseline,59940,61219,936.562,956.562,0.08168129177291857,19.205582727552056,-69.33766100297507,60.77430601682501,4.47850861365667,130.1119670198001,472142.18206498766,19.205756421923912,-0.3759173071172105,0.8537955353681772
S2,1,1,baseline,60580,61859,946.562,966.562,0.219121302626118,26.768629852624166,-104.24634248664785,74.34218938121872,6.663460367190808,178.58853186786655,917257.6746650448,26.76952667366508,-0.9096590205557449,2.246253356034318
S2,1,1,baseline,61220,62499,956.562,976.562,-0.48581081498837014,41.2079122449103,-178.08209271952114,174.87691020961972,4.852364785026979,352.95900292914087,2173859.8959772,41.21077582055678,-0.2805402023410592,4.688561050754832
S2,1,1,baseline,61860,63139,966.562,986.562,-0.03558622392801221,36.728019399162875,-178.08209271952114,174.87691020961972,3.3545084485511873,352.95900292914087,1726654.3044667114,36.72803663912105,-0.270791222640814,8.436684460440565
S2,1,1,baseline,62500,63779,976.562,996.562,0.24565510508210903,18.94409945055423,-148.4108571227199,48.20529980935589,4.330537860110335,196.6161569320758,459442.2405416218,18.945692133652496,-1.2861030677938459,6.908126899441985
S2,1,1,baseline,63140,64419,986.562,1006.562,0.014867003817325797,13.933413115617714,-30.32864246629598,29.826054186566385,3.145654840517575,60.15469665286237,248499.48426018594,13.933421047189748,-0.3730428442963546,-0.9872852050627796
S2,1,1,baseline,63780,65059,996.562,1016.562,-0.0266333221038623,16.05575846481475,-46.60899023392696,31.23553539013897,2.922159147393028,77.84452562406594,329968.75419432553,16.05578055450176,-0.397589187990778,-0.6402427483836304
S2,1,1,baseline,64420,65699,1006.562,1026.562,-0.0402636162852371,16.237468871127433,-46.60899023392696,36.03185114126265,2.7537926722213086,82.64084137518961,337480.98111952475,16.237518791355676,-0.39025725935968714,-0.4983530941772907
S2,1,1,baseline,65060,66339,1016.562,1036.562,0.06476291974847193,12.92100864306631,-41.354168901298216,36.03185114126265,2.538241784122312,77.38602004256086,213704.52299515984,12.921170945002185,-0.278168726554784,-0.38353002233115063
S2,1,1,baseline,65700,66979,1026.562,1046.562,0.009283124170454316,30.9694228829661,-207.82252475764236,205.20667036072967,2.306859305737712,413.02919511837206,1227654.7070468848,30.96942427428025,0.5647878570521797,19.90617488505873
S2,1,1,baseline,66340,67619,1036.562,1056.562,-0.16779054579143668,30.718973611527414,-207.82252475764236,205.20667036072967,1.4587332382324578,413.02919511837206,1207914.8715686076,30.71943185368139,0.5953514576825165,20.668940004044323
S2,1,1,baseline,66980,68259,1046.562,1066.562,0.06680869574920809,11.980811676177265,-33.002744889582445,23.30552039380931,2.3023020678541073,56.308265283391755,183736.71913197206,11.980997947660835,-0.4070261588094729,-0.6762034041887581
S2,1,1,baseline,67620,68899,1056.562,1076.562,0.016285064901593226,15.694895111518717,-37.90741246615643,69.11009721417652,3.758122880993098,107.01750968033295,315302.3971390886,15.694903560229765,-0.2867226835634433,-0.37867231112606303
S2,1,1,baseline,68260,69539,1066.562,1086.562,-0.04377191707482993,19.56738324197214,-59.844684940448865,79.79057598782256,3.9266370775413186,139.63526092827144,490092.0357362388,19.567432200443076,-0.057549243410467146,0.5560331456731324
S2,1,1,baseline,68900,70179,1076.562,1096.562,0.1749935949067659,20.943338475111418,-59.844684940448865,79.79057598782256,5.873970655244158,139.63526092827144,561477.183028916,20.94406954823586,-0.271917104065537,-0.006254160029825595
S2,1,1,baseline,69540,70819,1086.562,1106.562,-0.28375963150163486,21.12196568657542,-51.545070747824646,31.576214989305296,6.464724048100292,83.12128573712994,571158.9811114745,21.1238716620164,-0.5509028843527168,-1.0187765116668488
S2,1,1,baseline,70180,71459,1096.562,1116.562,0.06769375550172083,23.130663781795015,-56.39642149674995,36.35077356674992,7.1718886718072135,92.74719506349987,684841.2024716511,23.130762837203996,-0.5272820934658954,-1.0060914158710936
S2,1,1,baseline,70820,72099,1106.562,1126.562,0.15038461949601864,22.989393150371047,-56.39642149674995,36.35077356674992,6.951639709453143,92.74719506349987,676524.5605838187,22.989885013981873,-0.5090606810350653,-1.030751747719561
S2,1,1,baseline,71460,72739,1116.562,1136.562,-0.26089261156897453,21.484163515964333,-47.21502461365345,33.336250467786726,6.0806743428042385,80.55127508144017,590895.8040773943,21.48574753029236,-0.4683633874675426,-1.1330362537772642
S2,1,1,baseline,72100,73379,1126.562,1146.562,0.15033836818612908,22.692693994515476,-52.40769843298625,35.57426778969481,6.358677518440443,87.98196622268105,659175.6318126945,22.693191982479405,-0.465120024498525,-1.089110840799438
S2,1,1,baseline,72740,74019,1136.562,1156.562,-0.028364328251382263,32.12086887982257,-153.6564936073583,104.57369101282679,4.944652992267397,258.23018462018507,1320641.3083262348,32.12088140337794,-0.7283297470224637,2.786147253485958
S2,1,1,baseline,73380,74659,1146.562,1166.562,-0.07989842791586126,29.649247301496978,-153.6564936073583,104.57369101282679,4.568267264067462,258.23018462018507,1125227.8391092597,29.649354955953243,-0.8296686041892141,4.657321506570947
S2,1,1,baseline,74020,75299,1156.562,1176.562,0.23915824828429125,15.929373446767887,-31.501972250933285,28.9620914655677,4.599346302759059,60.46406371650099,324866.73289512476,15.93116866630682,-0.24979347534583596,-1.067278699730818
S2,1,1,baseline,74660,75939,1166.562,1186.562,0.0643060117569398,16.01251772057458,-35.7083567477714,28.9620914655677,4.48036352998622,64.6704482133391,328198.21953902463,16.01264684600466,-0.25842488754580534,-1.0518021490333591
S2,1,1,baseline,75300,76579,1176.562,1196.562,-0.20819737317025097,37.707034992325696,-158.98424629189864,212.12935636578595,4.107735906483764,371.1136026576846,1819985.7075950974,37.70760976326489,0.3468702094688875,7.577904359662693
S2,1,1,baseline,75940,77219,1186.562,1206.562,0.9071628368777278,68.65188551925591,-227.56747431498056,386.8452826330341,2.8822454284423884,614.4127569480147,6033797.542094888,68.6578788615089,0.7900647722455972,5.012006339452075
S2,1,1,baseline,76580,77859,1196.562,1216.562,0.15123521176708418,66.83237862206038,-227.56747431498056,386.8452826330341,1.357479887536078,614.4127569480147,5717234.821595788,66.83254973717305,0.9319988743801811,5.792009825695777
S2,1,1,baseline,77220,78499,1206.562,1226.562,-0.9340491833396,33.616029749204614,-121.54505016226751,297.2193098072977,1.467915643977204,418.7643599695652,1447564.677089673,33.629003909963004,0.8686654059705055,11.173868121002627
S2,1,1,baseline,77860,79139,1216.562,1236.562,0.06106959597624286,17.533520814813684,-64.58368368451957,56.61080076351578,1.5951878919693983,121.19448444803535,393507.94452359364,17.533627167789827,-0.304802236325408,0.5996760702548167
S2,1,1,baseline,78500,79779,1226.562,1246.562,-0.1714301745008735,21.324056480588126,-64.58368368451957,60.48711924383133,0.4823644149279536,125.0708029283509,582073.3095578136,21.32474555749826,-0.14429587169008826,0.050462227472527044
S2,1,1,baseline,79140,80419,1236.562,1256.562,-0.061725326030055164,18.699376792589216,-57.98402240005571,60.48711924383133,2.794184025741118,118.47114164388704,447578.24313228496,18.699478667789048,-0.16321073194889987,0.06799509955283956
S2,1,1,baseline,79780,81059,1246.562,1266.562,0.051491400290248124,15.096321517869368,-30.733130278467616,24.423147009987524,5.027762836106929,55.15627728845514,291714.01566104265,15.09640933252638,-0.452924331171528,-1.023868434463966
S2,1,1,baseline,80420,81699,1256.562,1276.562,0.09254466863220714,14.95883411843523,-30.536619289699797,24.423147009987524,4.5384025628980975,54.95976629968732,286432.3618541494,14.959120385188236,-0.3919243177117159,-1.0558055961236044
S2,1,1,baseline,81060,82339,1266.562,1286.562,0.17071296905317587,14.982620928193565,-30.05975885406206,23.72701182382387,5.198723214272546,53.786770677885926,287370.3331785559,14.983593454033208,-0.4102498566207258,-1.0644233935020195
S2,1,1,baseline,81700,82979,1276.562,1296.562,-0.031170527910436674,14.441225256259365,-30.05975885406206,24.077472625611435,3.354993681315154,54.137231479673495,266943.94688490697,14.44125889608775,-0.3771213250885994,-1.0106709151810662
S2,1,1,baseline,82340,83619,1286.562,1306.562,0.1731956230129192,25.10587730020845,-152.34025670402494,174.2736816879567,2.7098851056399456,326.6139383919816,806828.8918232998,25.10647469751484,0.716896231750556,17.503586912140097
S2,1,1,baseline,82980,84259,1296.562,1316.562,-0.9362550820890247,69.85429512289343,-209.80925319698352,295.0424625581093,3.4888008463435796,504.85171575509287,6247038.874489639,69.86056914093264,0.6017839411208591,3.8030948274982705
S2,1,1,baseline,83620,84899,1306.562,1326.562,-1.746012367054631,84.8836484342297,-347.1114766067249,295.0424625581093,1.0521923629351897,642.1539391648342,9226601.38328552,84.90160381695868,-0.05515587331459124,2.3231210450086115
S2,1,1,baseline,84260,85539,1316.562,1336.562,0.9996334899612822,62.59742518236686,-347.1114766067249,229.26699462461318,3.3376882240907735,576.3784712313382,5016879.240417625,62.60540636858984,-0.7699899240733986,6.489761462497821
S2,1,1,baseline,84900,86179,1326.562,1346.562,1.5969789225938569,35.74785711370441,-148.42310242330433,229.26699462461318,5.5709094469258265,377.6900970479175,1638988.3262733258,35.78351058659611,1.418424326920951,9.950851218817808
S2,1,1,baseline,85540,86819,1336.562,1356.562,0.0024884114296058303,22.967696125529546,-55.48450224729255,33.962224988039544,8.24125671469518,89.4467272353321,675219.291528776,22.967696260331735,-0.5881429740118351,-0.9715580058355755
S2,1,1,baseline,86180,87459,1346.562,1366.562,0.022900495591040217,24.66854256437999,-55.48450224729255,33.962224988039544,9.485173969800812,89.4467272353321,778928.0213546567,24.668553193961852,-0.5865839359686731,-1.0348167682856388
S2,1,1,baseline,86820,88099,1356.562,1376.562,0.056344029587287944,26.0854773294327,-58.50965415681,37.99836731115465,10.001226541265533,96.50802146796465,870982.7867571424,26.085538180264127,-0.5779458291280088,-1.048203858084607
S2,1,1,baseline,87460,88739,1366.562,1386.562,0.09065606675101341,31.358243348641857,-70.43813050918283,81.99463364793091,9.939216072320274,152.43276415711375,1258684.9848769025,31.3583743908239,-0.38857774409583457,-0.9142909692354979
S2,1,1,baseline,88100,89379,1376.562,1396.562,-0.12080854070613722,36.454320594015954,-79.13580461175465,81.99463364793091,9.213336059986982,161.13043825968555,1701033.0683837486,36.4545207714325,-0.3876473092875186,-1.048569139828191
S2,1,1,baseline,88740,90019,1386.562,1406.562,-0.43640012958775765,49.89878826083805,-233.55642706030702,178.18390765115797,7.8583211454150526,411.740334711465,3187301.779165508,49.90069653795479,-0.5973825904104137,2.857230642993837
S2,1,1,baseline,89380,90659,1396.562,1416.562,-0.09875624264095446,128.85622755261622,-490.93237077693,438.0848572634978,7.160325110928538,929.0172280404278,21253039.52881545,128.85626539632082,-0.15033688423919248,2.5265348898817175
S2,1,1,baseline,90020,91299,1406.562,1426.562,-2.1909523378515767,165.55320554136483,-496.1978843938509,438.0848572634978,7.107382160626964,934.2827416573487,35088210.095575206,165.56770257863738,-0.22349032800851037,0.5220821641637756
S2,1,1,baseline,90660,91939,1416.562,1436.562,0.22594481482990963,175.51097006898533,-621.9645795042437,429.18709287784066,12.592710927920859,1051.1516723820844,39429314.13198799,175.5111155044478,-0.4873933687811734,0.6107395089775265
S2,1,1,baseline,91300,92579,1426.562,1446.562,2.067548506372843,153.5739938777332,-621.9645795042437,411.93530789057144,5.652432769141429,1033.899887394815,30194235.331051823,153.58791082759163,-0.6244969712693182,1.579707732321057
S2,2,2,stress,145507,146786,2273.547,2293.547,0.7811003262187365,154.68745799804472,-648.4818472265885,452.88830261957605,-7.98356331899153,1101.3701498461646,30628889.317909077,154.68943008368888,-0.06656429421094896,1.4135402994873463
S2,2,2,stress,146147,147426,2283.547,2303.547,0.5354922079851748,128.7472770207838,-510.98024350536974,357.62007363337267,0.8447183631811586,868.6003171387424,21217469.557979204,128.74839063915033,-0.21901855342589993,1.1785336222257525
S2,2,2,stress,146787,148066,2293.547,2313.547,0.6081202663296749,134.1598057221604,-591.589291392254,357.62007363337267,7.713203706759867,949.2093650256268,23039005.80053266,134.16118396043672,-0.7580488233981943,2.330411538115702
S2,2,2,stress,147427,148706,2303.547,2323.547,-1.1300448502481182,108.05536005379344,-650.8622122659042,307.2615164740613,4.109547300619237,958.1237287399655,14946864.432279691,108.06126890666475,-2.0712013143975945,9.641557321281123
S2,2,2,stress,148067,149346,2313.547,2333.547,-0.3824625404488695,92.22574860125563,-650.8622122659042,234.40755671896994,6.824192833954989,885.2697689848742,10887340.777800769,92.22654163881919,-2.2742893582943884,11.802214719091072
S2,2,2,stress,148707,149986,2323.547,2343.547,0.7614945720294812,81.15127535473098,-308.6120564962161,219.07193101845047,6.698005191058464,527.6839875146666,8430219.988073725,81.15484807257418,-0.914842874414337,2.090535870172623
S2,2,2,stress,149347,150626,2333.547,2353.547,0.8822616083185902,63.3656370061357,-272.1467212959185,219.07193101845047,0.0048905008105081405,491.21865231436897,5140457.393585749,63.3717787247515,-0.5444024181745803,3.6400486889279664
S2,2,2,stress,149987,151266,2343.547,2363.547,-0.19160578123153887,91.61201747880844,-631.2495009877596,269.63113462640797,1.6854129747155233,900.8806356141675,10742782.027920512,91.61221784954724,-1.8706394406606788,11.362984811673973
S2,2,2,stress,150627,151906,2353.547,2373.547,-0.8449288775364758,99.21465883940428,-631.2495009877596,269.63113462640797,2.095857824263244,900.8806356141675,12600655.914787166,99.21825655305314,-1.4697063531450736,7.822669785137466
S2,2,2,stress,151267,152546,2363.547,2383.547,-0.010588790529725677,67.70048194675731,-199.0940967509846,208.68982549029417,-3.6169474039341862,407.7839222412788,5866694.870970492,67.70048277483475,0.15043506466721338,1.0812031758797565
S2,2,2,stress,151907,153186,2373.547,2393.547,0.23266493398177746,69.83825235072288,-223.1690814270073,283.5611468665209,-5.00920185195867,506.7302282935282,6243117.599199687,69.83863990925622,0.3152132972714249,1.5257558961258955
S2,2,2,stress,152547,153826,2383.547,2403.547,0.05628337441358182,64.70694524270694,-223.1690814270073,283.5611468665209,-2.9698464323881177,506.7302282935282,5359349.670989966,64.70696972089569,0.3233244496000098,2.5408668671747865
S2,2,2,stress,153187,154466,2393.547,2413.547,0.1999923156513848,41.594589181128995,-216.84020458885422,184.42787461210642,0.8209272136866747,401.26807920096064,2214591.802973713,41.595069973173665,0.1363874098901606,5.930243447542217
S2,2,2,stress,153827,155106,2403.547,2423.547,0.009051970745781868,58.46115796609605,-397.2130539004519,296.2591929182315,2.676458747059894,693.4722468186834,4374665.053024015,58.46115866688764,-1.5587912899670235,15.84250483219127
S2,2,2,stress,154467,155746,2413.547,2433.547,0.058760287958486715,62.390896472608944,-397.2130539004519,296.2591929182315,2.849434339285223,693.4722468186834,4982563.091746878,62.39092414307748,-1.3244281853591038,11.800278651691992
S2,2,2,stress,155107,156386,2423.547,2443.547,-1.1538665935753047,54.929778775874325,-172.2836447728713,212.62152390153636,-0.3275036531966605,384.90516867440766,3863823.3657372957,54.94189662254355,0.3424328214187891,1.2113033279822805
S2,2,2,stress,155747,157026,2433.547,2453.547,-1.2941704144989195,94.58741474317002,-307.601405135293,303.50256742150714,-10.196889408262223,611.1039725568002,11454020.998218521,94.59626792246203,0.45919188070549855,0.43184682613168457
S2,2,2,stress,156387,157666,2443.547,2463.547,1.3374887165322396,96.88156535531316,-307.601405135293,332.0968305820911,-2.864466518739212,639.6982357173841,12016418.024656208,96.89079719850933,0.45956916303683215,1.3115721430508644
S2,2,2,stress,157027,158306,2453.547,2473.547,0.9402262302832767,67.73124036825094,-297.52160976473596,332.0968305820911,-0.017073170416310693,629.6184403468271,5873158.33239795,67.7377660333281,0.3263601436312348,6.383741247049009
S2,2,2,stress,157667,158946,2463.547,2483.547,0.15952466246050284,79.60289917867127,-429.38819842036946,349.1763360938954,-0.4187195763078929,778.5645345142648,8110908.167382574,79.60305902267598,-0.46057301695827035,5.358718591130856
S2,2,2,stress,158307,159586,2473.547,2493.547,0.2502785836573279,90.78951508696662,-429.38819842036946,349.1763360938954,0.1751882955321702,778.5645345142648,10550782.322042849,90.78986005659429,-0.22994128008220524,2.5910520298677158
S2,2,2,stress,158947,160226,2483.547,2503.547,0.8780573639206473,102.17713942064489,-486.9821178803087,264.96393996796496,2.569488741737901,751.9460578482737,13364401.670297906,102.18091213587907,-0.8975242329367183,3.838999984867433
S2,2,2,stress,159587,160866,2493.547,2513.547,-0.323666917147391,102.60776788972693,-486.9821178803087,266.9506845899115,-1.210464932817937,753.9328024702202,13476427.253229223,102.60827837745515,-0.7601171312217394,3.6650434031281067
S2,2,2,stress,160227,161506,2503.547,2523.547,-0.8609454019905805,84.51556087369039,-260.10268748425113,317.18905674362026,-3.4534487101931877,577.2917442278714,9143835.208677983,84.51994591088942,0.47431429368912603,1.2365554741292089
S2,2,2,stress,160867,162146,2513.547,2533.547,0.2623305590040827,71.6512743669176,-264.6466092014792,317.18905674362026,-1.3019033322229694,581.8356659450994,6571486.637728629,71.65175458930152,0.1527229848604242,3.1359575925147727
S2,2,2,stress,161507,162786,2523.547,2543.547,-0.2363576041565656,101.67009367277454,-585.6741781955666,511.20995501681443,0.2568282274151611,1096.8841332123811,13231185.679805173,101.67036840863611,-0.3565334067984026,10.456032699655783
S2,2,2,stress,162147,163426,2533.547,2553.547,1.345838381776241,113.52737802264856,-585.6741781955666,511.20995501681443,4.138032532213728,1096.8841332123811,16499554.357308429,113.53535502937933,-0.8104401741284898,8.956040809781044
S2,2,2,stress,162787,164066,2543.547,2563.547,-0.16053128208166764,82.74234793607894,-555.7755790410635,274.55121232166294,2.286217194762281,830.3267913627265,8763292.047702622,82.74250366207004,-2.3474889363068807,15.02635031359014
S2,2,2,stress,163427,164706,2553.547,2573.547,-1.234165864218372,53.676551282826814,-458.22028557694887,234.56055340713618,-0.25807695406471837,692.780838984085,3689850.013437874,53.6907377766253,-3.120289457012407,28.218578666359093
S2,2,2,stress,164067,165346,2563.547,2583.547,-0.3925058191317746,26.994893124536112,-151.9036308072952,85.98862727324763,-0.8170850983278812,237.89225808054283,932964.2439976693,26.99774649157183,-0.62616245288242,4.451054211803746
S2,2,2,stress,164707,165986,2573.547,2593.547,0.1282208158975858,35.13642636775051,-233.32319901615037,85.98862727324763,1.4300592241397188,319.311826289398,1580268.6700466978,35.13666032044,-1.8011108150216217,9.03438181024902
S2,2,2,stress,165347,166626,2583.547,2603.547,0.3665177710024875,31.339626598482546,-233.32319901615037,72.17782030921342,0.6534534261735773,305.5010193253638,1257352.3591792325,31.341769742769397,-2.156824036123013,13.0209720863276
S2,2,2,stress,165987,167266,2593.547,2613.547,-0.053095587996502026,19.40615540634447,-74.76283160247301,72.17782030921342,-0.5266009799041976,146.94065191168642,482050.1590997214,19.40622804144735,-0.08988289822759458,2.209449753753276
S2,2,2,stress,166627,167906,2603.547,2623.547,0.6441965670855936,32.463643712684124,-239.43519878931505,90.24033133686933,1.1930697788303877,329.6755301261844,1349508.0349710598,32.47003468309112,-2.075404023897046,14.277647416469886
S2,2,2,stress,167267,168546,2613.547,2633.547,-0.1914443306683041,36.32810741505451,-239.43519878931505,99.19380292770012,-0.3811118022257932,338.62900171701517,1689303.0902930994,36.328611854728,-1.4033475386648253,8.91736820362189
S2,2,2,stress,167907,169186,2623.547,2643.547,-0.5479720575391671,23.4712277715338,-97.31083426538356,99.19380292770012,0.24714004676155707,196.50463719308368,705534.4722932008,23.477623527074947,-0.09874660132273848,4.409821293577776
S2,2,2,stress,168547,169826,2633.547,2653.547,0.1715248633741258,30.48964025380946,-181.4118428100794,113.38912325405309,1.6600655794465928,294.80096606413247,1189948.9069894063,30.490122721718812,-1.6287170658412393,10.910467316766844
S2,2,2,stress,169187,170466,2643.547,2663.547,-0.21968862797867295,51.71299705207245,-302.08999685802917,118.95750536169562,2.2358862469781102,421.0475022197248,3423081.3788171755,51.71346369371248,-1.604745532152028,6.767381778175849
S2,2,2,stress,169827,171106,2653.547,2673.547,-0.14979883863214422,64.91850245763644,-302.08999685802917,197.99604500538513,-0.3124354949956003,500.08604186341427,5394476.03332378,64.91867528711752,-0.8712858925783898,3.6152486613923998
S2,2,2,stress,170467,171746,2663.547,2683.547,0.21675733705138822,59.352413422824604,-253.63540088233503,197.99604500538513,1.240997544968784,451.63144588772013,4509127.632457032,59.352809224644595,-0.38463955122446547,3.4675249063760134
S2,2,2,stress,171107,172386,2673.547,2693.547,0.15950226699107836,41.84880808173444,-182.94702162884096,187.82691040711998,3.4134652030607793,370.7739320359609,2241725.6689088224,41.84911204356692,-0.4600006240768904,4.702626504853461
S2,2,2,stress,171747,173026,2683.547,2703.547,-0.044388140166456515,35.88984252800476,-113.53272359363113,84.7998950162446,1.2505117142172395,198.33261860987574,1648745.941749718,35.88986997736224,-0.38352217477137457,0.5572924552572602
S2,2,2,stress,172387,173666,2693.547,2713.547,0.2394672879860021,36.604297982412746,-137.30657855488985,134.46219557824443,-1.067261058987266,271.7687741331343,1715112.92847012,36.605081277976716,0.0756980633825969,1.7959675814207996
S2,2,2,stress,173027,174306,2703.547,2723.547,0.24824723213499378,33.02007545483652,-137.30657855488985,134.46219557824443,0.6546270062948962,271.7687741331343,1395695.372456141,33.02100861166055,-0.01110514034994472,2.715198956143924
S2,2,2,stress,173667,174946,2713.547,2733.547,-0.20227848475984017,22.848485582425823,-89.86957254539873,64.84484470520725,0.808183905511955,154.71441725060598,668280.5887945185,22.849380954321663,-0.5396563136984918,1.8294501217149426
S2,2,2,stress,174307,175586,2723.547,2743.547,-0.15554115226819842,17.004804851477918,-77.59974670130396,92.88671403128305,0.030568535237064796,170.486460732587,370160.10379122663,17.005516195837625,0.07210477283410488,9.188282327407462
S2,2,2,stress,174947,176226,2733.547,2753.547,0.1260921111438969,16.46699514400161,-77.59974670130396,92.88671403128305,0.5032395164049166,170.486460732587,347107.62021512364,16.467477897148225,0.20759127160509902,9.132177047211716
S2,2,2,stress,175587,176866,2743.547,2763.547,0.1255644375828024,11.827189459333576,-41.96953741227501,31.60128897924914,1.2253362627891167,73.57082639152415,179069.66647674458,11.827855973715469,-0.38176440083315366,0.5505966478341167
S2,2,2,stress,176227,177506,2753.547,2773.547,0.09743600659397773,25.045861323857537,-171.98716748268546,89.69258520888125,1.6712915113631523,261.6797526915667,802949.9689334831,25.046050850968175,-1.4501191724369542,10.477782400508431
S2,2,2,stress,176867,178146,2763.547,2783.547,0.24718283665207758,47.74156281148454,-171.98716748268546,92.47275319885217,2.1527350465758723,264.45992068153765,2917526.9363682037,47.74220270408205,-0.8379151885681697,1.2556904394861643
S2,2,2,stress,177507,178786,2773.547,2793.547,0.5494663970312023,47.737432509098966,-164.43794922234974,92.47275319885217,-0.3350465351693587,256.9107024212019,2917330.4011292737,47.74059463268388,-0.6188948995188831,0.5987976309204086
S2,2,2,stress,178147,179426,2783.547,2803.547,-0.5460290166654795,35.0651131224323,-120.93661377854579,109.07426780030532,-2.052145798522142,230.01088157885113,1574221.1916492986,35.069364208323115,0.0951075435880713,0.9268300826275131
S2,2,2,stress,178787,180066,2793.547,2813.547,-0.21190927302539206,39.04159920285838,-124.3437027989739,109.07426780030532,0.11631667265382133,233.41797059927922,1951092.9585364815,39.04217429724715,0.06972355774591801,1.0149343531577255
S2,2,2,stress,179427,180706,2803.547,2823.547,0.8377018853210082,46.8541473719314,-168.74021175011154,166.74230633983268,1.6201284193329282,335.4825180899442,2810896.474111151,46.86163537905327,-0.14470185994641063,1.9853593508925753
S2,2,2,stress,180067,181346,2813.547,2833.547,-0.6121853791142335,43.89492993872307,-168.74021175011154,166.74230633983268,0.8961978229747545,335.4825180899442,2466738.745937674,43.899198685896394,-0.09809991081489697,3.070706999713594
S2,2,2,stress,180707,181986,2823.547,2843.547,-0.8353588783703154,35.389338439455535,-119.81509890627186,118.78717182013892,0.04771329411041491,238.60227072641078,1603971.9675366362,35.399196313447526,0.01444406149908688,1.7810395179867609
S2,2,2,stress,181347,182626,2833.547,2853.547,-0.20180156180957623,36.36785879630956,-160.53547377426693,139.44006537837723,0.43744679209842807,299.97553915264416,1693007.2029422848,36.36841868020467,-0.4083490469080518,4.526159250690528
S2,2,2,stress,181987,183266,2843.547,2863.547,0.12373196309930923,36.593464451972984,-160.53547377426693,139.44006537837723,0.7428166545548245,299.97553915264416,1714044.0962515236,36.5936736362517,-0.15941028340983193,4.34804801190175
S2,2,2,stress,182627,183906,2853.547,2873.547,-0.00550448051683512,32.8453130189326,-129.553842663919,114.20923909295064,0.4066662729940228,243.76308175686964,1380882.7105420404,32.84531348017505,-0.13275171462230576,2.579077271900159
S2,2,2,stress,183267,184546,2863.547,2883.547,-1.543324941747676,37.705851689066606,-285.1910995255796,132.2460982985031,0.3330272669127875,417.4371978240827,1822864.7724463462,37.737423116499464,-2.86447607803347,19.058193061006413
S2,3,4,meditation,262244,263523,4097.562,4117.562,0.317642259804187,14.922071831312062,-67.832668796988,76.3974382941736,3.313227557110535,144.23010709116159,285144.47916038445,14.925452232480271,0.010836833129996148,7.247557935716232
S2,3,4,meditation,262884,264163,4107.562,4127.562,-0.21319559756264236,9.81608146377626,-22.859201728811673,17.58878598731489,2.362149301213004,40.44798771612656,123393.16181287935,9.81839638975286,-0.5005804629491791,-0.9957354317042362
S2,3,4,meditation,263524,264803,4117.562,4137.562,-0.04867073059971962,10.562162046051428,-22.859201728811673,17.58878598731489,2.854679194943855,40.44798771612656,142798.893986645,10.56227418348276,-0.4863940531879294,-1.123509586255318
S2,3,4,meditation,264164,265443,4127.562,4147.562,0.17979613859194124,10.255080173701788,-23.29435083311616,15.207927954374991,3.2702035175799207,38.50227878749115,134654.7149062452,10.256656181256348,-0.5413483855276042,-1.0616805113867318
S2,3,4,meditation,264804,266083,4137.562,4157.562,0.09581380510106785,10.186499013621722,-23.968346751520066,14.589063144674524,3.1165209650143817,38.55740989619459,132830.64632289828,10.186949614078019,-0.5563971094322231,-0.9739795077609377
S2,3,4,meditation,265444,266723,4147.562,4167.562,-0.16511705976845414,11.216527288601984,-26.669348320887867,16.661482946440195,2.84113337443783,43.330831267328065,161072.31751600583,11.217742556298017,-0.4980397080210036,-0.9953589668706844
S2,3,4,meditation,266084,267363,4157.562,4177.562,-0.11375843260186928,12.113248911774056,-26.669348320887867,18.937421681505715,2.6340056029319037,45.60677000239358,187831.98742986674,12.113783066391084,-0.4787465039419544,-1.0841140258210462
S2,3,4,meditation,266724,268003,4167.562,4187.562,0.025558481942474943,12.576241356100791,-30.436468263218423,18.937421681505715,3.588796323096256,49.37388994472414,202447.9998501108,12.57626732710859,-0.517482897639159,-1.033909099234458
S2,3,4,meditation,267364,268643,4177.562,4197.562,0.139612402810535,13.339362163472185,-30.436468263218423,19.993535385480303,4.080774126071093,50.43000364869873,227786.33542565355,13.340092748976367,-0.5055896449460182,-1.0393686795532489
S2,3,4,meditation,268004,269283,4187.562,4207.562,0.17982791371951995,14.176012996319834,-29.399166902048172,21.383691726373947,4.034080837084873,50.78285862842212,257269.3536644884,14.177153541892023,-0.4692332439418803,-1.133659877611833
S2,3,4,meditation,268644,269923,4197.562,4217.562,-0.03623820852248272,14.797718176759787,-35.95125119360253,38.404592758441176,3.1226882554974495,74.3558439520437,280286.4338516018,14.797762548661332,-0.3354665761848602,-1.0266266238859196
S2,3,4,meditation,269284,270563,4207.562,4227.562,-0.029771370665771756,13.7986111438283,-35.95125119360253,38.404592758441176,3.2626887552772854,74.3558439520437,243715.2714663601,13.798643260592463,-0.35894145151471024,-0.8472342806494964
S2,3,4,meditation,269924,271203,4217.562,4237.562,0.03196038526985736,13.733467327738035,-32.28371881036755,22.859326304684227,4.449293370744544,55.14304511505178,241419.70727459158,13.733504516629202,-0.5112512445920225,-1.0032434768026648
S2,3,4,meditation,270564,271843,4227.562,4247.562,-0.19840815311010246,14.839429921305369,-32.28371881036755,22.859326304684227,3.7342952098309947,55.14304511505178,281917.4991162286,14.84075625379494,-0.4410734470395865,-1.1493273323628945
S2,3,4,meditation,271204,272483,4237.562,4257.562,-0.016391137853104754,14.383189080102436,-30.770289300131232,20.960519308812646,3.757294951452762,51.730808608943875,264801.78788272396,14.38319841980142,-0.47099448193125193,-1.1134086933983922
S2,3,4,meditation,271844,273123,4247.562,4267.562,0.0958732820410152,14.303207412660358,-30.770289300131232,22.476753375902362,3.960695705072742,53.247042676033594,261876.39548901317,14.303528724611683,-0.47376176586637364,-1.0986704867987362
S2,3,4,meditation,272484,273763,4257.562,4277.562,0.008961451309539958,15.482302029743897,-35.81645192227829,24.956786106296523,4.379969240388573,60.77323802857481,306818.24825321167,15.482304623273036,-0.45433176624944094,-1.0947901022437008
S2,3,4,meditation,273124,274403,4267.562,4287.562,0.11068756526110082,16.406958442816794,-37.338827390511646,24.956786106296523,5.066119214584548,62.29561349680817,344576.68746421847,16.40733180871956,-0.479711561442347,-1.0809232106640692
S2,3,4,meditation,273764,275043,4277.562,4297.562,0.015198452391648987,16.02238376278904,-37.338827390511646,24.227327450158196,4.4893679406789495,61.56615484066984,328597.7759168524,16.022390971232756,-0.46004193863848714,-1.1093249786057306
S2,3,4,meditation,274404,275683,4287.562,4307.562,-0.06500101375302685,15.814167910844585,-34.03896234495517,24.571613163728458,4.18116116031765,58.61057550868363,320117.92876054463,15.81430149719473,-0.44281832623758993,-1.1610312296749181
S2,3,4,meditation,275044,276323,4297.562,4317.562,0.023696409504879168,16.88962246100268,-36.83344560578643,25.270443918392452,4.2701265898207055,62.10388952417888,365132.68274563795,16.889639084214608,-0.4458243713263356,-1.162486447396806
S2,3,4,meditation,275684,276963,4307.562,4327.562,0.07936981034970614,18.227693912002156,-40.98617629496558,29.316687343733893,4.168702956371131,70.30286363869948,425286.5598930372,18.22786671326174,-0.42954849666799266,-1.1358874927036862
S2,3,4,meditation,276324,277603,4317.562,4337.562,-0.253839122132647,19.137193112903425,-47.42927661283417,36.03436747708897,3.276285328007762,83.46364408992315,468859.64101181866,19.138876522421146,-0.3905363815138449,-1.0847767705196816
S2,3,4,meditation,276964,278243,4327.562,4347.562,-0.24418254797047972,17.63432001041588,-47.42927661283417,36.03436747708897,3.4883549253498836,83.46364408992315,398116.9502035037,17.636010528078263,-0.41797463324664086,-0.9679832835404887
S2,3,4,meditation,277604,278883,4337.562,4357.562,0.061652962766601815,15.37456762912636,-34.512838786066524,21.404236848545324,4.17201776850253,55.91707563461185,302567.84751410945,15.374691244717665,-0.46924915296987707,-1.1185876935187338
S2,3,4,meditation,278244,279523,4347.562,4367.562,0.1576972296009736,15.465459612748568,-34.33315730161578,24.970132048828756,4.537800408243585,59.30328935044453,306182.79609571956,15.466263590466216,-0.47236003905189267,-1.084963271619418
S2,3,4,meditation,278884,280163,4357.562,4377.562,0.0526367039898802,15.995122678787693,-34.33315730161578,25.578092287108845,4.17321916504766,59.91124958872462,327483.80176905624,15.995209286910727,-0.4424580710197172,-1.087866045272348
S2,3,4,meditation,279524,280803,4367.562,4387.562,0.06443178208245642,15.275175957792317,-33.69747147017942,25.578092287108845,4.470399242767395,59.27556375728827,298668.9945549553,15.27531184611492,-0.4534778292003356,-1.0845348984963266
S2,3,4,meditation,280164,281443,4377.562,4397.562,0.03412574336766774,14.000661616646664,-30.57719440723103,22.90484970208253,3.865193816781951,53.48204410931356,250905.20354586054,14.00070320627516,-0.456516682520512,-1.0559098908854287
S2,3,4,meditation,280804,282083,4387.562,4407.562,0.01459075076724139,13.746391958784605,-29.9898103251761,22.90484970208253,3.6833210556669718,52.89466002725863,241873.28611141886,13.746399702269173,-0.4501175869067343,-1.062708648158053
S2,3,4,meditation,281444,282723,4397.562,4417.562,0.018311329991698534,14.458804528852784,-32.47399063458885,24.37397225407592,4.117758983184531,56.84796288866477,267593.4255467262,14.458816124025502,-0.46234438718346527,-1.0972436037903044
S2,3,4,meditation,282084,283363,4407.562,4427.562,-0.30095828262180796,15.215988765674728,-32.47399063458885,24.37397225407592,3.5109898729631244,56.84796288866477,296469.61920642323,15.218964813843883,-0.41833579706946533,-1.1561150994099925
S2,3,4,meditation,282724,284003,4417.562,4437.562,-0.22741875666313244,15.924226452453919,-35.56660466093008,27.280910070363166,4.256004644432959,62.847514731293245,324649.8654718916,15.925850288129526,-0.4209939048432719,-1.1422230619247054
S2,3,4,meditation,283364,284643,4427.562,4447.562,0.05819821916400658,16.841683969916755,-36.88628597217232,30.964373458348074,4.572578802200084,67.8506594305204,363066.5036483391,16.841784524665577,-0.39894690539518535,-1.1289181575023464
S2,3,4,meditation,284004,285283,4437.562,4457.562,0.032710067696195444,17.25813227630719,-36.88628597217232,30.964373458348074,4.573170099681461,67.8506594305204,381240.5755072571,17.258163274666416,-0.383152216671816,-1.167258230437166
S2,3,4,meditation,284644,285923,4447.562,4467.562,0.2679244830220869,17.76624673416462,-38.385845185663534,28.426859854992497,5.402414838998165,66.81270504065603,404110.4723812068,17.76826684141753,-0.4396895798831418,-1.1325622681344654
S2,3,4,meditation,285284,286563,4457.562,4477.562,0.00557871593701984,18.625142883710907,-38.385845185663534,28.426859854992497,5.183515462881697,66.81270504065603,444026.8525577198,18.625143719196334,-0.42453449571193735,-1.139222313476381
S2,3,4,meditation,285924,287203,4467.562,4487.562,-0.08915465844836565,19.14308472929777,-38.94754634543858,28.350083767642577,5.296236665014154,67.29763011308115,469076.0211279314,19.143292337165946,-0.4214789858641737,-1.1709058372662238
S2,4,3,amusement,304868,306147,4763.562,4783.562,0.4142856726550367,47.912345904145226,-123.37966094641055,223.12436814769126,0.3750043724126487,346.50402909410184,2938578.589000997,47.914136981239984,0.9024391045375957,3.1253729003892747
S2,4,3,amusement,305508,306787,4773.562,4793.562,0.20312585080567533,36.13365428189897,-93.9633364196369,209.44590175324154,1.4511529533826866,303.4092381728784,1671273.2568000783,36.13422521481623,1.1642573126414837,5.699509078386031
S2,4,3,amusement,306148,307427,4783.562,4803.562,-0.5219567548457386,22.03376782922942,-93.9633364196369,49.58820835450225,4.107141242790638,143.55154477413916,621771.9854160823,22.03994926505763,-0.9338958970328839,1.6076722857500867
S2,4,3,amusement,306788,308067,4793.562,4813.562,-0.19379146874357098,23.836611661146904,-78.36989232181399,109.17305670810039,2.8425522442401894,187.54294902991438,727323.6615906333,23.83739940970244,-0.038807073391781785,2.933247014593798
S2,4,3,amusement,307428,308707,4803.562,4823.562,-0.04335855877208348,23.549633276014973,-78.36989232181399,109.17305670810039,2.8864904316696016,187.54294902991438,709871.4974712456,23.549673190925827,-0.04247912037259225,3.1852174822884756
S2,4,3,amusement,308068,309347,4813.562,4833.562,0.018195635672495204,14.851820288102147,-34.74896261278587,24.066941607817643,2.637006927656755,58.815904220603514,282338.4280975872,14.851831434245408,-0.43476774842413,-1.0358040519868061
S2,4,3,amusement,308708,309987,4823.562,4843.562,-0.032891759176693666,21.43157454648781,-69.37177967951034,113.33909782301131,0.027176475223426894,182.71087750252167,587921.2408441419,21.431599786518174,1.3897468644937747,6.569499886553665
S2,4,3,amusement,309348,310627,4833.562,4853.562,0.13325479425505368,26.843146252483635,-97.71923776791087,113.33909782301131,0.34262047105497934,211.05833559092218,922332.4896926953,26.843477002288996,0.689833968785851,3.1220538122220827
S2,4,3,amusement,309988,311267,4843.562,4863.562,-2.280684080920504,64.68750149991403,-493.9517459705317,291.9038455357456,0.43336681653277187,785.8555915062773,5362783.19382828,64.72769399707009,-1.8332268826379792,19.19154083241897
S2,4,3,amusement,310628,311907,4853.562,4873.562,0.0321129657516952,76.39766667892226,-493.9517459705317,291.9038455357456,-0.38727148719035587,785.8555915062773,7470853.766689638,76.39767342809779,-0.8814682504033333,10.391092284070215
S2,4,3,amusement,311268,312547,4863.562,4883.562,2.5543360476457067,54.53679680100546,-224.65771010728614,277.8499738342088,2.609578971611849,502.507683941495,3815407.1525868312,54.59658265824393,0.44054928312458885,5.331111118450371
S2,4,3,amusement,311908,313187,4873.562,4893.562,-0.18943537377143854,42.230915848629024,-214.1695441200844,103.54714499631906,2.480441317128328,317.7166891164035,2282862.258143772,42.231340721966454,-0.6580424355856076,1.66177670995335
S2,4,3,amusement,312548,313827,4883.562,4903.562,0.010003182170280312,36.8517413294618,-141.42430627184345,101.70495867203691,0.5960843927647187,243.12926494388034,1738305.2020188374,36.85174268711341,-0.3346873477423472,1.0348986124915571
S2,4,3,amusement,313188,314467,4893.562,4913.562,-0.008034326406839964,27.25018134593439,-133.246553528756,101.70495867203691,-0.628899135685707,234.95151220079293,950492.7333589905,27.250182530337504,-0.4159894986150906,4.3585664565355415
S2,4,3,amusement,313828,315107,4903.562,4923.562,0.14364172913020723,20.181023989294268,-114.98222724506154,80.96768887914753,-0.2914797011014334,195.94991612420907,521336.7836196074,20.181535179535235,-0.32611928624021774,6.355086550172954
S2,4,3,amusement,314468,315747,4913.562,4933.562,0.07385234875897688,27.29718686831407,-131.4091556338874,109.87577413590238,0.11236467672505812,241.28492976978976,953781.5873191366,27.297286771638596,-0.5222116068542778,5.072336523587593
S2,4,3,amusement,315108,316387,4923.562,4943.562,-0.41333906675321225,24.53031654333911,-131.4091556338874,109.87577413590238,-0.21146541475110797,241.28492976978976,770441.3169926667,24.533798705062388,-0.826392450239142,7.975743770580404
S2,4,3,amusement,315748,317027,4933.562,4953.562,-0.0819578820155588,21.634046978899708,-117.64871515257529,85.4447358943427,1.5459174458359524,203.093451046918,599089.5433979699,21.634202221937002,-0.6437145069631682,5.186534919038868
S2,4,3,amusement,316388,317667,4943.562,4963.562,0.06717053413907137,25.744488930273903,-117.64871515257529,88.62398801965028,1.9686360679281896,206.2727031722256,848362.5243669146,25.744576558212255,-0.20642168247244602,2.409511658530559
S2,4,3,amusement,317028,318307,4953.562,4973.562,0.2693922962605827,18.193447016432085,-60.722131188513494,88.62398801965028,1.5072894749933803,149.34611920816377,423774.83078272775,18.19544136724927,0.4272932191189655,2.5801711339281432
S2,4,3,amusement,317668,318947,4963.562,4983.562,0.1148838492547242,12.869912682302969,-28.232092933549694,21.279613100086063,2.188097442711944,49.51170603363576,212029.2489586207,12.870425429989579,-0.30687425183527495,-1.2071635127839162
S2,4,3,amusement,318308,319587,4973.562,4993.562,-0.17441927066002552,14.200682869507082,-30.76700546195533,32.10760639969816,0.8722575867950721,62.87461186165349,258162.96453413053,14.201753977670839,-0.21864185420114088,-1.130924713505091
S2,4,3,amusement,318948,320227,4983.562,5003.562,-0.2042596485247518,14.700487692634884,-30.76700546195533,35.57430138105277,-0.20373205121950516,66.3413068430081,276666.9573188162,14.701906692851956,-0.15070276284510037,-1.014669966557404
S2,4,3,amusement,319588,320867,4993.562,5013.562,-0.03762195122469118,13.581629870640542,-29.408980606376346,35.57430138105277,0.48131872187945113,64.98328198742911,236111.4692534904,13.581681978101585,-0.19565166120662222,-0.9989209589442867
S2,4,3,amusement,320228,321507,5003.562,5023.562,0.6237522700078163,82.1916528052814,-577.16756678882,331.7854075991735,1.713681227793954,908.9529743879934,8647496.777930573,82.19401959849792,-1.8997102402045356,16.84551445655895
S2,4,3,amusement,320868,322147,5013.562,5033.562,0.04385054903282874,88.81542516815846,-577.16756678882,331.7854075991735,2.4801784332218793,908.9529743879934,10096872.5384594,88.8154359932518,-1.5116638936439057,11.745742447712312
S2,4,3,amusement,321508,322787,5023.562,5043.562,-0.7692780578891044,41.06835620509895,-145.96477548306402,144.9954313766126,6.514135525899828,290.96020685967665,2159618.137752626,41.07556049671434,-0.30674911272910005,2.313128818673934
S2,4,3,amusement,322148,323427,5033.562,5053.562,0.27524966202405327,32.301230718906204,-79.8976123566812,45.261805171874315,10.730964223380363,125.15941752855551,1335609.9434655418,32.30240344513786,-0.6179094041153655,-0.9431915778953006
S2,4,3,amusement,322788,324067,5043.562,5063.562,0.04661846536292682,32.046713351161245,-79.8976123566812,45.261805171874315,9.38682414015742,125.15941752855551,1314552.3326627957,32.04674725916515,-0.6052748174654417,-0.9017554513263892
S2,4,3,amusement,323428,324707,5053.562,5073.562,0.044201478073361763,59.98463370731129,-434.10927114132033,190.5756561879048,9.17972693283242,624.6849273292252,4605642.540506842,59.9846499929021,-1.9097997192144185,11.078903190114938
S2,4,3,amusement,324068,325347,5063.562,5083.562,0.4688560651327206,78.30641253212094,-434.10927114132033,190.5756561879048,9.571845263623661,624.6849273292252,7849106.009165466,78.30781614666904,-1.606449416487927,6.0530349143163935
S2,4,3,amusement,324708,325987,5073.562,5093.562,-0.6438890846398121,58.14993723030149,-388.2981851260809,160.16635556489916,5.779999904698713,548.4645406909801,4328742.135092891,58.15350198432869,-1.8300355684636855,10.756625009310005
S2,4,3,amusement,325348,326627,5083.562,5103.562,-0.4456597951719532,55.1862824271538,-283.3088699947209,243.65899348865366,5.121541918608652,526.9678634833746,3898527.207401749,55.188081872652695,-0.2412398332801582,8.130071552329502
S2,4,3,amusement,325988,327267,5093.562,5113.562,0.5303832057463691,55.04372617657185,-283.3088699947209,243.65899348865366,6.175728240017083,526.9678634833746,3878519.1651153397,55.046281416153434,-0.2746931949811129,8.270696821273837
S2,4,3,amusement,326628,327907,5103.562,5123.562,0.3590547530770799,25.925913323552187,-59.22077724007833,81.60653754565945,6.214396485408944,140.82731478573777,860520.8345293415,25.928399525926164,-0.4596957805066676,-0.6692430371575169
S2,5,4,meditation,351780,353059,5496.562,5516.562,1.0174606981658325,68.72721326934303,-481.6679148121023,295.510904407329,2.3388336980228512,777.1788192194313,6047315.289653853,68.73474427130775,-1.0371669008898219,9.326217805953721
S2,5,4,meditation,352420,353699,5506.562,5526.562,-0.5130041383629972,101.76071838990543,-423.1683888497133,293.38985244978255,3.4936853512948307,716.5582412994959,13255048.935008785,101.76201148009808,-0.7436936650413805,3.3032791550502187
S2,5,4,meditation,353060,354339,5516.562,5536.562,0.12627935092803835,134.95404826795098,-455.2719713072696,449.62109702751326,6.60818093105255,904.8930683347828,23312142.19569013,134.95410734906483,-0.5032071090231403,1.5333224265349754
S2,5,4,meditation,353700,354979,5526.562,5546.562,0.6408217569454245,97.60682432934908,-455.2719713072696,449.62109702751326,3.6566040128230806,904.8930683347828,12195203.594476273,97.60892791227957,-0.5861362526568531,6.870233315725015
S2,5,4,meditation,354340,355619,5536.562,5556.562,-0.0029875322400119476,40.352660858224624,-313.1934681709633,221.150575549903,2.5225917901526618,534.3440437208662,2084271.67649823,40.352660968816444,-1.464618681197806,22.989887070717078
S2,5,4,meditation,354980,356259,5546.562,5566.562,0.06041007918625929,12.098338166279,-32.49524175785906,19.46279655108093,3.2587492334898993,51.95803830893999,187357.9977770373,12.098488986783035,-0.5617703647311352,-0.7382263851732804
S2,5,4,meditation,355620,356899,5556.562,5576.562,0.08689865101119063,13.800167529384169,-32.49524175785906,19.429963779664103,4.147217038409035,51.92520553752317,243778.7842747094,13.800441123914,-0.5729244022602007,-0.915835698927328
S2,5,4,meditation,356260,357539,5566.562,5586.562,-0.15953591939470252,15.178004980180903,-37.86588530949793,22.934499324833375,3.248939783748259,60.80038463433131,294908.52721660596,15.178843397570626,-0.5159477360236877,-0.9482273634155987
S2,5,4,meditation,356900,358179,5576.562,5596.562,0.1331495837679569,17.702081104903073,-40.2152887234167,27.579167843869975,4.7365255104484385,67.79445656728667,401128.19744796655,17.702581852832196,-0.5148654481869374,-0.9797431211565701
S2,5,4,meditation,357540,358819,5586.562,5606.562,0.14471899510862407,19.122171724108696,-41.28313028824648,27.579167843869975,5.7400301392061435,68.86229813211645,468068.34564332466,19.122719342024748,-0.5033253260920437,-1.050141381842014
S2,5,4,meditation,358180,359459,5596.562,5616.562,-0.2067714155520334,17.72532184166363,-41.28313028824648,27.162771609244345,4.620515613480956,68.44590189749083,402214.1296753242,17.726527827209903,-0.4781516761706417,-1.03431020791967
S2,5,4,meditation,358820,360099,5606.562,5626.562,-0.15949395096968194,13.36885904463947,-35.68869360103601,23.489023287869976,3.046761880728048,59.177716888905984,228802.34300906816,13.369810412860554,-0.5215485664438219,-0.6873987592792932
S2,5,4,meditation,359460,360739,5616.562,5636.562,0.217594532642808,10.900465267707117,-27.210086593536904,18.64552820517969,3.4867668677031443,45.855614798716594,152150.38775440032,10.902636856885827,-0.5617811893281577,-0.8308089838403561
S2,5,4,meditation,360100,361379,5626.562,5646.562,0.004628796564634818,12.345431578382101,-31.551010572512034,19.529392885998433,3.7956734491764976,51.08040345851047,195084.41892130766,12.345432446142647,-0.5337009585785978,-0.9491036202797822
S2,5,4,meditation,360740,362019,5636.562,5656.562,-0.022067083312887092,11.952674933162571,-31.551010572512034,19.529392885998433,3.463775484734546,51.08040345851047,182869.66401794407,11.952695303320453,-0.5115930039674147,-0.9438711359190259
S2,5,4,meditation,361380,362659,5646.562,5666.562,0.19360759022803192,13.417558356827175,-34.96503496144757,24.015137410472388,3.9484811226050778,58.98017237191996,230487.4958820566,13.418955106782969,-0.5195729806138232,-0.8165089481184529
S2,5,4,meditation,362020,363299,5656.562,5676.562,0.23328590037118674,19.160560872219516,-81.92941773147209,63.011145431560955,3.7268281305438835,144.94056316303303,469992.3395191571,19.161980984473956,-0.4047445911774722,1.1806027431826625
S2,5,4,meditation,362660,363939,5666.562,5686.562,0.07551001202794301,22.19616396864506,-81.92941773147209,63.011145431560955,4.509203249016673,144.94056316303303,630624.507756664,22.19629240852836,-0.40089014613516766,0.05865139373192019
S2,5,4,meditation,363300,364579,5676.562,5696.562,-0.31891603926161316,21.447030072624703,-55.344663836950026,39.49295603526737,4.240550170654545,94.8376198722174,588898.3121614933,21.449401072667897,-0.4178125781807993,-1.0997706833480483
S2,5,4,meditation,363940,365219,5686.562,5706.562,-0.1448260321444168,20.243670306916695,-43.56303271495564,30.089008771137962,3.770252877618031,73.6520414860936,524578.767455651,20.24418835307376,-0.4142326625676479,-1.1742703633907063
S2,5,4,meditation,364580,365859,5696.562,5716.562,0.15144697894093723,19.579536754864964,-41.12063817306701,31.491059094809206,5.018820627987762,72.61169726787621,490727.9305248492,19.5801224644418,-0.42563871200046766,-1.18247952389915
S2,5,4,meditation,365220,366499,5706.562,5726.562,0.1887529606841356,21.28622350928026,-45.30257419728358,32.882619631209316,5.277112088893881,78.1851938284929,580017.8418780195,21.287060364625333,-0.42334709197374654,-1.1259560841382807
S2,5,4,meditation,365860,367139,5716.562,5736.562,-0.06999064377470013,23.711776428001382,-48.273898583336226,34.92534982142845,4.873007858957881,83.19924840476467,719684.1472790246,23.711879724343618,-0.38400675061292766,-1.2229680403091394
S2,5,4,meditation,366500,367779,5726.562,5746.562,-0.12479977264227515,24.0366012959615,-48.273898583336226,58.550256506876956,3.640720859327993,106.82415509021318,739550.4343606652,24.03692527850161,-0.29866079054430805,-1.144953501213876
S2,5,4,meditation,367140,368419,5736.562,5756.562,-0.1050516977434444,24.28130192288485,-48.481516764112875,58.550256506876956,3.652157887482117,107.03177327098983,754678.6034297477,24.28152917197536,-0.29345735818334195,-1.1246540241157472
S2,5,4,meditation,367780,369059,5746.562,5766.562,0.1292206610118105,25.46628441940326,-52.8731594976865,38.93584196969789,4.502620434730461,91.80900146738439,830141.8753397423,25.466612262120254,-0.38374829014254297,-1.145234651272289
S2,5,4,meditation,368420,369699,5756.562,5776.562,-0.1485217014656163,25.788912036621536,-52.8731594976865,38.93584196969789,4.2038683727178325,91.80900146738439,851315.2546923641,25.78933971098154,-0.37092607356744256,-1.1607151956554147
S2,5,4,meditation,369060,370339,5766.562,5786.562,-0.18531418927002458,24.166761431169938,-50.765482266483595,37.521819970733105,4.176772574929611,88.2873022372167,747605.3752573795,24.167471928603284,-0.3912902824430956,-1.1406798000568394
S2,5,4,meditation,369700,370979,5776.562,5796.562,-0.018533323575153405,21.106675490166413,-47.32457701331769,33.93886227389876,4.480530050394661,81.26343928721646,570229.8799760311,21.106683627023795,-0.45543070073709957,-1.0315738934147447
S2,5,4,meditation,370340,371619,5786.562,5806.562,-0.13961806438925728,19.57288769441566,-44.11597485594392,31.158804458887023,4.849217972686798,75.27477931483094,490390.3051547031,19.57338565251581,-0.4653907802340084,-1.07444437033026
S2,5,4,meditation,370980,372259,5796.562,5816.562,-0.09469023614982461,21.053007427385822,-45.57599297985158,32.50410451154214,5.017680448744649,78.08009749139372,567344.7526123326,21.053220370726773,-0.4472286459964918,-1.098917599389671
S2,5,4,meditation,371620,372899,5806.562,5826.562,0.3001389934714953,22.565061482582845,-48.18035806039266,34.77487147489388,5.109006692237786,82.95522953528655,651868.2664040269,22.567057476067763,-0.4412677703429564,-1.0781818599337718
S2,5,4,meditation,372260,373539,5816.562,5836.562,0.38725570364577067,19.68557811911941,-48.18035806039266,34.77487147489388,4.689627318539843,82.95522953528655,496220.09966586763,19.689386807718495,-0.46746774417729925,-0.7681959713676529
S2,5,4,meditation,372900,374179,5826.562,5846.562,-0.2281496033500799,16.023762455747146,-42.45300475669423,53.216587398732536,2.511248537600827,95.66959215542676,328720.6598140425,16.02538659376805,-0.30093686989928636,-0.4795120882330295
S2,5,4,meditation,373540,374819,5836.562,5856.562,-0.130585376020328,15.897965983950249,-42.45300475669423,53.216587398732536,2.3586601059451198,95.66959215542676,323535.83995810506,15.898502286922174,-0.32218752036703613,-0.2989632841429297
S2,5,4,meditation,374180,375459,5846.562,5866.562,0.020248355942893138,17.358566548406532,-39.40758580809007,27.442800107081894,4.375434619653849,66.85038591517196,385689.91054256225,17.358578358015865,-0.5311352064916603,-0.8425869142881313
